"Year","Area","ID","Bat_number","Distance","Species","Number_of_bats","Pinta_kolo","Height","Entrance_distance","Bunker_height","New_species"
2024,"Etelapaa","43",1,3.24,"Enil",1,NA,NA,8.085,2,"Enil"
2024,"Etelapaa","40",1,3.965,"Enil",1,"pinta",1.8,12.882,2.1,"Enil"
2024,"Etelapaa","38",1,7.223,"Enil",1,"pinta",4.3,14.835,4.3,"Enil"
2024,"Etelapaa","38",2,10.394,"Enil",1,"pinta",1.7,14.835,2.2,"Enil"
2024,"Etelapaa","38",3,10.703,"Enil",1,"pinta",1.6,14.835,2.2,"Enil"
2024,"Etelapaa","38",4,10.3,"Enil",1,"pinta",2.2,14.835,2.2,"Enil"
2024,"Etelapaa","167",1,14.777,"Enil",3,"kolo",3,21.122,3.6,"Enil"
2024,"Etelapaa","167",2,15.072,"Enil",1,"kolo",2.5,21.122,3.6,"Enil"
2024,"Etelapaa","167",3,14.634,"Mmbra",1,"kolo",3,21.122,3.6,"Myotis"
2024,"Etelapaa","173",1,6.137,"Enil",1,"pinta",1.8,11.247,2,"Enil"
2024,"Harju","82",1,7.019,"Enil",1,"kolo",1.3,10.897,1.9,"Enil"
2024,"Harju","82",2,7.305,"Enil",1,"kolo",1.9,10.897,1.9,"Enil"
2024,"Harju","83",1,5.842,"Enil",1,"pinta",2.1,8.101,2.1,"Enil"
2024,"Harju","160",1,11.78,"Mmbra",1,"kolo",2.8,26.684,2.8,"Myotis"
2024,"Harju","160",2,13.35,"Mmbra",4,"kolo",2,26.684,2.8,"Myotis"
2024,"Harju","160",3,9.979,"Mmbra",3,"kolo",2.8,26.684,2.8,"Myotis"
2024,"Harju","160",4,11.116,"Mmbra",6,"pinta",2.8,26.684,2.8,"Myotis"
2024,"Harju","160",5,12.006,"Mmbra",1,"pinta",2.8,26.684,2.8,"Myotis"
2024,"Harju","160",6,17.574,"Mmbra",6,"pinta",3,26.684,3,"Myotis"
2024,"Harju","160",7,22.141,"Mdau",1,"pinta",1.5,26.684,3.3,"Myotis"
2024,"Harju","160",8,23.125,"Mmbra",10,"pinta",3.3,26.684,3.3,"Myotis"
2024,"Harju","160",9,22.557,"Mmbra",2,"pinta",3.3,26.684,3.3,"Myotis"
2024,"Harju","160",10,23.852,"Paur",1,"kolo",3.3,26.684,3.3,"Paur"
2024,"Harju","160",11,23.531,"Mmbra",1,"pinta",3.3,26.684,3.3,"Myotis"
2024,"Harju","160",12,8.123,"Mmbra",2,"kolo",2,26.684,2.3,"Myotis"
2024,"Harju","160",13,2.062,"Enil",1,"pinta",2,26.684,2,"Enil"
2024,"Harju","160",14,0.843,"Enil",1,"pinta",4.5,26.684,4.5,"Enil"
2024,"Harju","87",1,6.601,"Enil",1,"kolo",2,11.208,2,"Enil"
2024,"Kylmala","384",1,1.501,"Enil",1,"pinta",1.7,10.657,2.2,"Enil"
2024,"Kylmala","384",2,10.013,"Enil",1,"pinta",2.2,10.657,2.2,"Enil"
2024,"Kylmala","384",3,5.003,"Enil",1,"pinta",2,10.657,2.2,"Enil"
2024,"Kylmala","384",4,5.993,"Enil",1,"pinta",2,10.657,2.2,"Enil"
2024,"Kylmala","384",5,5.229,"Enil",1,"pinta",2,10.657,2.2,"Enil"
2024,"Kylmala","312",1,8.108,"Enil",1,"pinta",1.6,10.597,2,"Enil"
2024,"Kylmala","312",2,5.435,"Enil",1,"pinta",2,10.597,2,"Enil"
2024,"Kylmala","304",1,8.681,"Enil",1,"pinta",2,9.654,2,"Enil"
2024,"Kylmala","314",1,5.918,"Enil",1,"pinta",2,12.959,2,"Enil"
2024,"Kylmala","314",2,4.891,"Enil",1,"pinta",2,12.959,2,"Enil"
2024,"Kylmala","314",3,6.139,"Enil",1,"pinta",2,12.959,2,"Enil"
2024,"Kylmala","314",4,7.943,"Enil",1,"kolo",NA,12.959,2,"Enil"
2024,"Kylmala","308",1,5.772,"Enil",1,"pinta",1.9,10.944,2.1,"Enil"
2024,"Kylmala","308",2,8.939,"Enil",1,"pinta",2.1,10.944,2.1,"Enil"
2024,"Kylmala","309",1,7.918,"Enil",1,"pinta",1.9,8.916,2,"Enil"
2024,"Paskomaki","144",1,8.346,"Mdau",1,"pinta",3.04,16.74,3.2,"Myotis"
2024,"Paskomaki","144",2,9.975,"Mmbra",1,"kolo",2,16.74,3.2,"Myotis"
2024,"Paskomaki","144",3,10.172,"Mmbra",4,"pinta",2.85,16.74,2.85,"Myotis"
2024,"Paskomaki","144",4,11.854,"Mmbra",2,"pinta",2.8,16.74,2.8,"Myotis"
2024,"Paskomaki","144",5,15.669,"Mmbra",4,"kolo",3.2,16.74,3.2,"Myotis"
2024,"Paskomaki","144",6,15.445,"Mmbra",4,"kolo",3.2,16.74,3.2,"Myotis"
2024,"Paskomaki","144",7,15.942,"Mmbra",1,"pinta",2.8,16.74,2.8,"Myotis"
2024,"Paskomaki","144",8,15.696,"Mmbra",1,"pinta",3.1,16.74,3.1,"Myotis"
2024,"Paskomaki","144",8,15.696,"Mdau",1,"pinta",3.1,16.74,3.1,"Myotis"
2024,"Paskomaki","144",9,15.652,"Mmbra",2,"kolo",3,16.74,3,"Myotis"
2024,"Paskomaki","144",11,4.704,"Enil",1,"pinta",2.2,16.74,2.2,"Enil"
2024,"Paskomaki","93",1,10.127,"Enil",2,"pinta",1.97,11.947,2,"Enil"
2024,"Paskomaki","92",1,10.262,"Enil",2,"pinta",1.9,12.438,2,"Enil"
2024,"Paskomaki","92",2,3.78,"Enil",1,"pinta",1.8,12.438,2,"Enil"
2024,"Paskomaki","94",1,10.67,"Enil",1,"pinta",1.9,11.677,1.9,"Enil"
2024,"Paskomaki","158",1,4.493,"Enil",1,"pinta",2.8,8.592,4.5,"Enil"
2024,"Paskomaki","102",1,3.839,"Enil",1,"kolo",2,11.891,2,"Enil"
2024,"Paskomaki","102",2,10.611,"Enil",1,"pinta",2,11.891,2,"Enil"
2024,"Paskomaki","104",1,8.297,"Enil",1,"kolo",1.9,9.808,1.9,"Enil"
2024,"Paskomaki","106",1,6.407,"Enil",1,"kolo",1.9,11.693,1.9,"Enil"
2024,"Pohjoispaa","420",1,10.808,"Enil",1,"pinta",2,12.467,2,"Enil"
2024,"Pohjoispaa","420",2,5.687,"Enil",1,"pinta",2,12.467,2,"Enil"
2024,"Pohjoispaa","420",3,6.824,"Enil",1,"pinta",2,12.467,2,"Enil"
2024,"Ravijoki","11",1,3.005,"Mmbra",1,"kolo",1.1,21.93,2.5,"Myotis"
2024,"Ravijoki","11",2,4.496,"Enil",1,"kolo",2.7,21.93,2.5,"Enil"
2024,"Ravijoki","11",3,3.837,"Enil",1,"pinta",6,21.93,6,"Enil"
2024,"Ravijoki","11",4,4.407,"Paur",2,"kolo",3.6,21.93,6,"Paur"
2024,"Ravijoki","11",5,21.155,"Mmbra",1,"pinta",0,21.93,2.9,"Myotis"
2024,"Ravijoki","11",6,13.876,"Mmbra",4,"kolo",3,21.93,3,"Myotis"
2024,"Ravijoki","11",7,21.252,"Mmbra",2,"kolo",2.9,21.93,2.9,"Myotis"
2024,"Ravijoki","11",8,14.784,"Mmbra",10,"kolo",3.1,21.93,3.1,"Myotis"
2024,"Ravijoki","11",9,14.164,"Mmbra",1,"pinta",2.8,21.93,2.8,"Myotis"
2024,"Ravijoki","2",1,6.159,"Enil",1,"kolo",2.5,16.608,1.9,"Enil"
2024,"Ravijoki","2",2,9.469,"Enil",1,"kolo",1.5,16.608,2.3,"Enil"
2024,"Ravijoki","2",3,11.613,"Enil",1,"kolo",3,16.608,3,"Enil"
2024,"Ravijoki","2",3,11.613,"Mmbra",1,"kolo",2,16.608,3,"Myotis"
2024,"Ravijoki","2",4,9.232,"Myotis sp",1,"kolo",3,16.608,3,"Myotis"
2024,"Ravijoki","2",5,7.526,"Enil",1,"kolo",2,16.608,2.3,"Enil"
2024,"Ravijoki","2",6,11.649,"Enil",1,"kolo",2.5,16.608,3,"Enil"
2024,"Ravijoki","2",7,15.034,"Myotis sp",1,"kolo",3,16.608,3,"Myotis"
2024,"Ravijoki","1-180",1,17.364,"Enil",1,"pinta",3,24.446,3.1,"Enil"
2024,"Ravijoki","1-180",2,16.923,"Paur",1,"kolo",2.5,24.446,3.1,"Paur"
2024,"Ravijoki","1-180",3,20.673,"Mmbra",1,"kolo",3.5,24.446,3.5,"Myotis"
2024,"Ravijoki","1-180",4,21.022,"Mmbra",1,"kolo",3,24.446,3.1,"Myotis"
2024,"Ravijoki","1-180",5,17.189,"Myotis sp",1,"kolo",4,24.446,4,"Myotis"
2024,"Ravijoki","1-180",6,12.379,"Enil",1,"pinta",1.8,24.446,2.5,"Enil"
2024,"Ravijoki","1-180",7,10.854,"Enil",2,"pinta",3,24.446,3,"Enil"
2024,"Ravijoki","7",1,9.772,"Enil",1,"kolo",2.5,25.985,2.5,"Enil"
2024,"Ravijoki","7",2,19.277,"Mmbra",1,"kolo",1.5,25.985,2.3,"Myotis"
2024,"Ravijoki","7",3,18.65,"Mmbra",1,"kolo",1.5,25.985,2.3,"Myotis"
2024,"Ravijoki","7",4,16.318,"Enil",1,"kolo",1.5,25.985,2.3,"Enil"
2024,"Ravijoki","7",5,17.895,"Paur",1,"kolo",1,25.985,2.3,"Paur"
2024,"Ravijoki","7",6,8.611,"Enil",1,"kolo",4.5,25.985,5,"Enil"
2024,"Ravijoki","7",6,8.611,"Paur",2,"kolo",4.5,25.985,5,"Paur"
2024,"Ravijoki","7",6,8.611,"Mmbra",1,"kolo",4.5,25.985,5,"Myotis"
2024,"Ravijoki","7",6,8.611,"Mmbra",3,"kolo",4.5,25.985,5,"Myotis"
2024,"Ravijoki","7",6,8.611,"Mmbra",7,"kolo",4.5,25.985,5,"Myotis"
2024,"Ravijoki","7",6,8.611,"Mmbra",2,"kolo",4.5,25.985,5,"Myotis"
2024,"Ravijoki","7",6,8.611,"Mmbra",1,"kolo",4.5,25.985,5,"Myotis"
2024,"Ravijoki","7",7,17.57,"Mmbra",2,"kolo",2,25.985,2.3,"Myotis"
2024,"Ravijoki","7",7,17.57,"Myotis sp",3,"kolo",NA,25.985,2.3,"Myotis"
2024,"Ravijoki","7",7,17.57,"Paur",1,"kolo",1,25.985,2.3,"Paur"
2024,"Ravijoki","7",8,19.234,"Myotis sp",3,"kolo",3.2,25.985,3.2,"Myotis"
2024,"Ravijoki","7",9,19.753,"Mmbra",1,"kolo",2,25.985,3.2,"Myotis"
2024,"Ravijoki","7",10,20.352,"Myotis sp",4,"kolo",3.2,25.985,3.2,"Myotis"
2024,"Ravijoki","7",11,20.899,"Mmbra",1,"pinta",3.2,25.985,3.2,"Myotis"
2024,"Ravijoki","7",12,23.43,"Mmbra",1,"kolo",3,25.985,3.2,"Myotis"
2024,"Ravijoki","7",13,25.476,"Mmbra",3,"kolo",3.2,25.985,3.2,"Myotis"
2024,"Ravijoki","7",14,25.309,"Mmbra",2,"kolo",3.2,25.985,3.2,"Myotis"
2024,"Ravijoki","7",15,25.792,"Enil",1,"pinta",2,25.985,3.2,"Enil"
2024,"Ravijoki","7",16,25.872,"Enil",1,"pinta",3,25.985,3.2,"Enil"
2024,"Saarasjarvi","152",1,11.524,"Enil",1,"kolo",2,12.904,2,"Enil"
2024,"Saarasjarvi","152",2,11.906,"Enil",2,"kolo",2,12.904,2,"Enil"
2024,"Saarasjarvi","72",1,4.244,"Enil",3,"pinta",-3,10.996,2,"Enil"
2024,"Saarasjarvi","73",1,11.37,"Enil",1,"kolo",2,21.589,2,"Enil"
2024,"Saarasjarvi","73",2,5.369,"Enil",1,"pinta",2,21.589,2,"Enil"
2024,"Sakajarvi","427",1,9.923,"Enil",1,"kolo",1.8,11.328,1.9,"Enil"
2024,"Sakajarvi","427",2,10.329,"Enil",2,"pinta",1.9,11.328,1.9,"Enil"
2024,"Sakajarvi","244",1,4.815,"Enil",1,"pinta",2.2,11.595,2.2,"Enil"
2024,"Sakajarvi","244",2,7.167,"Enil",1,"pinta",2.1,11.595,2.2,"Enil"
2024,"Sakajarvi","244",3,10.84,"Paur",1,"pinta",2,11.595,2.2,"Paur"
2024,"Sakajarvi","244",3,10.84,"Mmbra",1,"pinta",2,11.595,2.2,"Myotis"
2024,"Sakajarvi","241",1,2.547,"Enil",1,"kolo",2,6.987,2,"Enil"
2024,"Sakajarvi","241",2,6.152,"Enil",1,"pinta",1.9,6.987,2,"Enil"
2024,"Sakajarvi","241",3,5.959,"Enil",1,"pinta",1.9,6.987,2,"Enil"
2024,"Sakajarvi","241",4,5.843,"Enil",1,"pinta",1.9,6.987,2,"Enil"
2024,"Sakajarvi","31",1,5.541,"Enil",1,"pinta",-1.5,7.743,2,"Enil"
2024,"Sakajarvi","23",1,9.042,"Enil",1,"kolo",1.9,17.641,2,"Enil"
2024,"Sakajarvi","77",1,11.461,"Enil",1,"pinta",1.9,12.372,1.9,"Enil"
2024,"Sakajarvi","77",2,5.889,"Enil",1,"pinta",1.9,12.372,1.9,"Enil"
2024,"Sakajarvi","143",1,7.244,"Enil",1,"pinta",2,9.18,2,"Enil"
2024,"Sakajarvi","121",1,3.488,"Enil",1,"pinta",-2,10.063,1.9,"Enil"
2024,"Sakajarvi","142",1,8.591,"Enil",1,"pinta",1.8,9.781,2,"Enil"
2024,"Sakajarvi","142",2,7.569,"Enil",1,"pinta",1.9,9.781,2,"Enil"
2024,"Sakajarvi","142",3,8.254,"Enil",1,"pinta",1.9,9.781,2,"Enil"
2024,"Sakajarvi","140",1,6.39,"Enil",2,"kolo",2,8.232,2,"Enil"
2024,"Sakajarvi","140",2,7.361,"Enil",1,"kolo",2,8.232,2,"Enil"
2024,"Sakajarvi","140",3,7.591,"Enil",1,"pinta",1.9,8.232,2,"Enil"
2024,"Sakajarvi","140",4,7.908,"Enil",1,"kolo",2,8.232,2,"Enil"
2024,"Sakajarvi","140",5,6.726,"Enil",1,"kolo",2,8.232,2,"Enil"
2024,"Sakajarvi","140",6,6.296,"Enil",1,"pinta",2,8.232,2,"Enil"
2024,"Sakajarvi","140",7,6.519,"Enil",1,"kolo",2,8.232,2,"Enil"
2025,"Etelapaa","20",1,1.728,"Enil",1,"kolo",1.5,5.486,1.8,"Enil"
2025,"Etelapaa","167",1,10.255,"Paur",1,"kolo",1.5,21.122,3.6,"Paur"
2025,"Etelapaa","167",2,15.773,"Paur",1,"kolo",3,21.122,3.6,"Paur"
2025,"Etelapaa","167",3,14.927,"Enil",1,"pinta",3.6,21.122,3.6,"Enil"
2025,"Etelapaa","167",4,19.342,"Enil",2,"pinta",3.6,21.122,3.6,"Enil"
2025,"Etelapaa","167",5,19.498,"Enil",1,"pinta",3.6,21.122,3.6,"Enil"
2025,"Etelapaa","167",6,8.051,"Enil",1,"kolo",3.6,21.122,3.6,"Enil"
2025,"Etelapaa","43",1,6.945,"Enil",1,"pinta",2,8.085,2,"Enil"
2025,"Etelapaa","40",1,5.438,"Enil",1,"kolo",2,12.882,2.1,"Enil"
2025,"Etelapaa","40",2,3.903,"Enil",1,"pinta",1.7,12.882,2.1,"Enil"
2025,"Etelapaa","173",1,7.137,"Enil",1,"kolo",1.8,11.247,2,"Enil"
2025,"Etelapaa","173",2,6.011,"Enil",1,"pinta",2,11.247,2,"Enil"
2025,"Etelapaa","38",1,6.305,"Enil",1,"pinta",4,14.835,4.3,"Enil"
2025,"Etelapaa","38",2,5.581,"Enil",1,"kolo",1,14.835,2.2,"Enil"
2025,"Etelapaa","38",3,4.546,"Enil",1,"kolo",2,14.835,2.2,"Enil"
2025,"Etelapaa","38",4,6.719,"Enil",1,"kolo",2,14.835,2.2,"Enil"
2025,"Etelapaa","170-171",1,9.42,"Enil",1,"pinta",2,9.967,2,"Enil"
2025,"Etelapaa","28-172",1,10.861,"Enil",1,"pinta",2,11.529,2,"Enil"
2025,"Harju","160",1,7.267,"Mmbra",3,"kolo",1.8,26.684,2.3,"Myotis"
2025,"Harju","160",2,9.669,"Mmbra",16,"kolo",2.3,26.684,2.8,"Myotis"
2025,"Harju","160",3,10.258,"Mmbra",2,"pinta",2.7,26.684,2.8,"Myotis"
2025,"Harju","160",4,12.32,"Mmbra",1,"pinta",2.3,26.684,2.8,"Myotis"
2025,"Harju","160",5,14.347,"Mmbra",1,"pinta",2.3,26.684,2.8,"Myotis"
2025,"Harju","160",6,19.759,"Mmbra",1,"pinta",2.8,26.684,3,"Myotis"
2025,"Harju","160",6,19.759,"Enil",1,"kolo",2.8,26.684,3,"Enil"
2025,"Harju","160",7,21.607,"Mmbra",20,"pinta",3,26.684,3.3,"Myotis"
2025,"Harju","160",8,19.923,"Mmbra",1,"pinta",3.3,26.684,3.3,"Myotis"
2025,"Harju","160",9,21.912,"Mdau",2,"kolo",3.3,26.684,3.3,"Myotis"
2025,"Harju","160",10,5.513,"Paur",1,"kolo",2,26.684,2,"Paur"
2025,"Harju","160",10,5.513,"Mmbra",1,"kolo",2,26.684,2,"Myotis"
2025,"Harju","160",11,4.626,"Mmbra",1,"kolo",1.5,26.684,2,"Myotis"
2025,"Harju","160",12,4.971,"Mmbra",2,"kolo",2,26.684,2,"Myotis"
2025,"Harju","160",12,4.971,"Mmbra",1,"kolo",2,26.684,2,"Myotis"
2025,"Harju","186",1,2.599,"Enil",1,"kolo",2,13.835,2,"Enil"
2025,"Harju","17",1,13.543,"Myotis",1,"kolo",2.7,20.022,3.2,"Myotis"
2025,"Harju","17",2,14.253,"Enil",1,"kolo",1.6,20.022,3.2,"Enil"
2025,"Harju","17",3,11.207,"Enil",1,"pinta",2.7,20.022,3.2,"Enil"
2025,"Harju","17",4,12.143,"Mmbra",1,"kolo",3,20.022,3.2,"Myotis"
2025,"Harju","82",1,3.999,"Enil",1,"pinta",1.9,10.897,1.9,"Enil"
2025,"Harju","82",2,3.991,"Enil",1,"pinta",1.9,10.897,1.9,"Enil"
2025,"Harju","82",3,3.125,"Enil",1,"pinta",1.9,10.897,1.9,"Enil"
2025,"Harju","82",4,6.478,"Enil",1,"pinta",1.5,10.897,1.9,"Enil"
2025,"Harju","83",1,6.64,"Enil",1,"kolo",2.1,8.101,2.1,"Enil"
2025,"Harju","83",2,4.933,"Enil",1,"pinta",2.1,8.101,2.1,"Enil"
2025,"Kylmala","384",1,3.007,"Enil",1,"pinta",2,10.657,2.2,"Enil"
2025,"Kylmala","384",2,0.874,"Enil",1,"pinta",1.5,10.657,2.2,"Enil"
2025,"Kylmala","384",3,2.125,"Enil",1,"pinta",2,10.657,2.2,"Enil"
2025,"Kylmala","384",4,9.654,"Enil",1,"pinta",1.5,10.657,2.2,"Enil"
2025,"Kylmala","384",5,6.205,"Enil",1,"pinta",2,10.657,2.2,"Enil"
2025,"Kylmala","384",6,5.567,"Enil",1,"pinta",2,10.657,2.2,"Enil"
2025,"Kylmala","384",7,5.035,"Enil",1,"pinta",2,10.657,2.2,"Enil"
2025,"Kylmala","312",1,8.863,"Enil",1,"pinta",2,10.597,2,"Enil"
2025,"Kylmala","304",1,3.943,"Enil",1,"kolo",2,9.654,2,"Enil"
2025,"Kylmala","306",1,1.224,"Enil",1,"pinta",2,8.832,2,"Enil"
2025,"Kylmala","309",1,0.206,"Enil",1,"pinta",2,8.916,2,"Enil"
2025,"Kylmala","309",2,5.282,"Enil",1,"pinta",2,8.916,2,"Enil"
2025,"Kylmala","309",3,7.894,"Enil",1,"pinta",1.5,8.916,2,"Enil"
2025,"Kylmala","309",4,6.436,"Enil",2,"kolo",2,8.916,2,"Enil"
2025,"Kylmala","308",1,8.467,"Enil",1,"pinta",2,10.944,2.1,"Enil"
2025,"Kylmala","308",2,9.997,"Enil",1,"pinta",2,10.944,2.1,"Enil"
2025,"Kylmala","316",1,8.317,"Enil",1,"pinta",2,11.308,2,"Enil"
2025,"Kylmala","316",2,10.252,"Paur",1,"kolo",2,11.308,2,"Paur"
2025,"Kylmala","316",3,10.345,"Enil",1,"pinta",1.5,11.308,2,"Enil"
2025,"Kylmala","316",4,3.943,"Paur",1,"pinta",2,11.308,2,"Paur"
2025,"Kylmala","352",1,4.904,"Enil",1,"pinta",2,7.816,2,"Enil"
2025,"Kylmala","352",2,4.431,"Enil",1,"kolo",1.5,7.816,2,"Enil"
2025,"Kylmala","314",1,6.922,"Enil",1,"pinta",2,12.959,2,"Enil"
2025,"Kylmala","314",2,6.743,"Enil",1,"pinta",2,12.959,2,"Enil"
2025,"Kylmala","314",3,9.016,"Enil",1,"pinta",2,12.959,2,"Enil"
2025,"Kylmala","314",4,11.452,"Enil",1,"pinta",2,12.959,2,"Enil"
2025,"Kylmala","314",5,11.243,"Enil",1,"pinta",2,12.959,2,"Enil"
2025,"Kylmala","314",6,11.42,"Enil",1,"pinta",2,12.959,2,"Enil"
2025,"Paskomaki","102",1,3.431,"Enil",1,"kolo",1,11.891,2,"Enil"
2025,"Paskomaki","102",2,2.801,"Enil",1,"kolo",1,11.891,2,"Enil"
2025,"Paskomaki","104",1,7.643,"Enil",1,"kolo",1.9,9.808,1.9,"Enil"
2025,"Paskomaki","104",2,5.803,"Enil",1,"kolo",1.9,9.808,1.9,"Enil"
2025,"Paskomaki","104",3,4.666,"Enil",1,"kolo",1.9,9.808,1.9,"Enil"
2025,"Paskomaki","104",4,3.111,"Enil",1,"kolo",1.9,9.808,1.9,"Enil"
2025,"Paskomaki","106",1,8.561,"Enil",1,"kolo",1.8,11.693,1.9,"Enil"
2025,"Paskomaki","106",2,10.498,"Enil",1,"pinta",1.8,11.693,1.9,"Enil"
2025,"Paskomaki","106",3,11.003,"Enil",1,"pinta",1.8,11.693,1.9,"Enil"
2025,"Paskomaki","108",1,5.158,"Enil",1,"pinta",2,8.91,2,"Enil"
2025,"Paskomaki","144",1,5.132,"Mmbra",1,NA,0,16.74,3.2,"Myotis"
2025,"Paskomaki","144",2,5.541,"Enil",1,"pinta",2.5,16.74,2.5,"Enil"
2025,"Paskomaki","144",3,7.091,"Enil",1,"kolo",2,16.74,2.3,"Enil"
2025,"Paskomaki","144",4,6.844,"Mmbra",3,"kolo",3.2,16.74,3.2,"Myotis"
2025,"Paskomaki","144",5,7.765,"Mmbra",4,"kolo",3.2,16.74,3.2,"Myotis"
2025,"Paskomaki","144",6,9.164,"Mdau",1,"pinta",3.2,16.74,3.2,"Myotis"
2025,"Paskomaki","144",7,13.971,"Mdau",1,"pinta",3.2,16.74,3.2,"Myotis"
2025,"Paskomaki","144",8,14.237,"Mmbra",3,"kolo",3.2,16.74,3.2,"Myotis"
2025,"Paskomaki","144",9,15.882,"Mdau",1,"pinta",3.2,16.74,3.2,"Myotis"
2025,"Paskomaki","144",10,15.591,"Mmbra",1,"kolo",3.2,16.74,3.2,"Myotis"
2025,"Paskomaki","144",11,12.807,"Mmbra",1,"kolo",3.2,16.74,3.2,"Myotis"
2025,"Paskomaki","144",12,15.616,"Mmbra",3,"kolo",3.2,16.74,3.2,"Myotis"
2025,"Paskomaki","144",13,15.756,"Mmbra",1,"kolo",3.2,16.74,3.2,"Myotis"
2025,"Paskomaki","144",14,7.625,"Mdau",1,"pinta",3.2,16.74,3.2,"Myotis"
2025,"Paskomaki","93",1,5.065,"Enil",1,"kolo",2,11.947,2,"Enil"
2025,"Paskomaki","93",2,11.104,"Enil",1,"pinta",2,11.947,2,"Enil"
2025,"Paskomaki","92",1,4.269,"Enil",1,"pinta",2,12.438,2,"Enil"
2025,"Paskomaki","92",2,9.653,"Enil",1,"pinta",2,12.438,2,"Enil"
2025,"Paskomaki","94",1,10.23,"Enil",1,"pinta",1.9,11.677,1.9,"Enil"
2025,"Paskomaki","158",1,1.824,"Enil",1,"pinta",1.8,8.592,1.9,"Enil"
2025,"Paskomaki","99/335",1,2.575,"Enil",1,"pinta",2.2,13.254,2.2,"Enil"
2025,"Paskomaki","99/335",2,12.484,"Enil",1,"kolo",2.2,13.254,2.2,"Enil"
2025,"Paskomaki","99/335",3,9.018,"Enil",1,"kolo",2.2,13.254,2.2,"Enil"
2025,"Pohjoispaa","420",1,5.28,"Enil",1,"pinta",2,12.467,2,"Enil"
2025,"Pohjoispaa","420",2,6.327,"Enil",1,"pinta",2,12.467,2,"Enil"
2025,"Pohjoispaa","420",3,10.167,"Enil",1,"pinta",2,12.467,2,"Enil"
2025,"Pohjoispaa","420",4,11.318,"Enil",1,"pinta",2,12.467,2,"Enil"
2025,"Pohjoispaa","420",5,10.039,"Enil",1,"kolo",2,12.467,2,"Enil"
2025,"Pohjoispaa","420",6,9.991,"Enil",1,"kolo",2,12.467,2,"Enil"
2025,"Pohjoispaa","420",7,10.388,"Enil",1,"pinta",2,12.467,2,"Enil"
2025,"Ravijoki","11",1,9.157,"Mmbra",1,"kolo",2,21.93,2,"Myotis"
2025,"Ravijoki","11",2,19.255,"Mmbra",1,"kolo",2,21.93,2.6,"Myotis"
2025,"Ravijoki","11",3,17.482,"Mdau",1,"pinta",1.8,21.93,2.6,"Myotis"
2025,"Ravijoki","11",4,15.978,"Mmbra",4,"kolo",3,21.93,3,"Myotis"
2025,"Ravijoki","11",5,3.724,"Paur",2,"kolo",3.5,21.93,6,"Paur"
2025,"Ravijoki","11",5,3.724,"Mmbra",2,"kolo",3.5,21.93,6,"Myotis"
2025,"Ravijoki","11",6,10.859,"Mmbra",1,"kolo",1.5,21.93,2.5,"Myotis"
2025,"Ravijoki","2",1,8.236,"Enil",1,"kolo",2.3,16.608,2.3,"Enil"
2025,"Ravijoki","2",2,6.167,"Enil",1,"kolo",1,16.608,1.9,"Enil"
2025,"Ravijoki","1-180",1,14.456,"Enil",1,"kolo",1,24.446,3.1,"Enil"
2025,"Ravijoki","1-180",2,14.327,"Enil",1,"kolo",1,24.446,2,"Enil"
2025,"Ravijoki","1-180",3,12.398,"Enil",1,"kolo",2.1,24.446,2.5,"Enil"
2025,"Ravijoki","1-180",4,7.053,"Enil",1,"pinta",1.6,24.446,1.6,"Enil"
2025,"Ravijoki","7",1,9.191,"Mmbra",2,"kolo",5,25.985,5,"Myotis"
2025,"Ravijoki","7",2,12.754,"Mmbra",2,"kolo",1.4,25.985,2.3,"Myotis"
2025,"Ravijoki","7",3,12.969,"Enil",1,"kolo",1.5,25.985,2.3,"Enil"
2025,"Ravijoki","7",4,13.362,"Enil",1,"pinta",2.1,25.985,2.3,"Enil"
2025,"Ravijoki","7",5,17.462,"Enil",1,"kolo",2,25.985,2.3,"Enil"
2025,"Ravijoki","7",6,9.137,"Mmbra",2,"kolo",4,25.985,5,"Myotis"
2025,"Ravijoki","7",7,9.556,"Mmbra",4,"kolo",4,25.985,5,"Myotis"
2025,"Ravijoki","7",8,8.712,"Mmbra",3,"kolo",4,25.985,5,"Myotis"
2025,"Ravijoki","7",9,8.477,"Mmbra",3,"kolo",5,25.985,5,"Myotis"
2025,"Ravijoki","7",10,12.767,"Mmbra",2,"kolo",1.5,25.985,2.3,"Myotis"
2025,"Ravijoki","7",11,14.56,"Mmbra",3,"kolo",1.5,25.985,2.3,"Myotis"
2025,"Ravijoki","7",12,17.968,"Mmbra",3,"kolo",1.5,25.985,2.3,"Myotis"
2025,"Ravijoki","7",13,18.567,"Mmbra",1,"kolo",1.9,25.985,2.3,"Myotis"
2025,"Ravijoki","7",14,16.466,"Mmbra",2,"kolo",2,25.985,2.3,"Myotis"
2025,"Ravijoki","7",15,16.005,"Mmbra",1,"kolo",1.9,25.985,2.3,"Myotis"
2025,"Ravijoki","7",15,16.005,"Mmbra",5,"kolo",1.9,25.985,2.3,"Myotis"
2025,"Ravijoki","7",16,15.477,"Mmbra",4,"kolo",1.9,25.985,2.3,"Myotis"
2025,"Ravijoki","7",17,16.584,"Mmbra",1,"kolo",1.9,25.985,2.3,"Myotis"
2025,"Ravijoki","7",18,16.584,"Mdau",1,"kolo",1.9,25.985,2.3,"Myotis"
2025,"Ravijoki","7",19,18.17,"Mmbra",1,"kolo",2,25.985,2.3,"Myotis"
2025,"Ravijoki","7",20,18.187,"Paur",1,"kolo",1,25.985,2,"Paur"
2025,"Ravijoki","7",21,18.187,"Paur",1,"kolo",0.5,25.985,2,"Paur"
2025,"Ravijoki","7",22,19.975,"Mmbra",2,"kolo",1.5,25.985,3.2,"Myotis"
2025,"Ravijoki","7",23,18.849,"Mdau",1,"pinta",1.5,25.985,3.2,"Myotis"
2025,"Ravijoki","7",24,22.067,"Mmbra",1,"pinta",3,25.985,3.2,"Myotis"
2025,"Ravijoki","7",25,23.359,"Mmbra",4,"pinta",2.7,25.985,3.2,"Myotis"
2025,"Ravijoki","7",26,23.844,"Mmbra",2,"pinta",2.8,25.985,3.2,"Myotis"
2025,"Ravijoki","7",27,24.568,"Mmbra",4,"pinta",3,25.985,3.2,"Myotis"
2025,"Ravijoki","7",28,22.641,"Mmbra",1,"kolo",1.3,25.985,3.2,"Myotis"
2025,"Ravijoki","7",29,22.183,"Mmbra",1,"pinta",2.4,25.985,3.2,"Myotis"
2025,"Ravijoki","7",30,24.598,"Mmbra",3,"pinta",3,25.985,3.2,"Myotis"
2025,"Ravijoki","7",31,25.476,"Mmbra",1,"pinta",3,25.985,3.2,"Myotis"
2025,"Ravijoki","7",32,6.188,"Mmbra",5,"kolo",2.1,25.985,2.3,"Myotis"
2025,"Ravijoki","7",33,7.417,"Mmbra",2,"kolo",1.3,25.985,2.3,"Myotis"
2025,"Ravijoki","7",34,7.354,"Mmbra",1,"kolo",2,25.985,2.3,"Myotis"
2025,"Ravijoki","7",35,7.115,"Mmbra",4,"kolo",2.4,25.985,2.4,"Myotis"
2025,"Ravijoki","7",36,9.94,"Enil",1,"pinta",1.7,25.985,2.3,"Enil"
2025,"Ravijoki","7",37,9.23,"Enil",1,"kolo",2,25.985,2.3,"Enil"
2025,"Ravijoki","7",38,6.022,"Enil",1,"kolo",1.9,25.985,2.3,"Enil"
2025,"Saarasjarvi","70",1,0.624,"Enil",1,"pinta",2.1,11.786,2.1,"Enil"
2025,"Saarasjarvi","70",2,10.623,"Enil",1,"kolo",2.1,11.786,2.1,"Enil"
2025,"Saarasjarvi","70",3,9.912,"Enil",1,"kolo",2.1,11.786,2.1,"Enil"
2025,"Saarasjarvi","152",1,11.1,"Enil",1,"pinta",2,12.904,2,"Enil"
2025,"Saarasjarvi","72",1,6.51,"Enil",1,"pinta",2,10.996,2,"Enil"
2025,"Saarasjarvi","72",2,4.314,"Enil",1,"kolo",2,10.996,2,"Enil"
2025,"Saarasjarvi","72",3,6.017,"Enil",1,"kolo",2,10.996,2,"Enil"
2025,"Saarasjarvi","72",4,8.389,"Enil",1,"kolo",2,10.996,2,"Enil"
2025,"Saarasjarvi","72",6,9.767,"Enil",1,"kolo",2,10.996,2,"Enil"
2025,"Saarasjarvi","153",1,3.357,"Enil",1,"kolo",2,7.9,2,"Enil"
2025,"Saarasjarvi","153",2,3.1,"Enil",1,"kolo",2,7.9,2,"Enil"
2025,"Saarasjarvi","69",1,6.35,"Enil",1,"kolo",1.93,11.75,1.93,"Enil"
2025,"Saarasjarvi","69",2,9.458,"Enil",1,"pinta",1.93,11.75,1.93,"Enil"
2025,"Saarasjarvi","69",3,1.41,"Enil",1,"pinta",1.93,11.75,1.93,"Enil"
2025,"Saarasjarvi","73",1,2.573,"Enil",1,"pinta",2.1,21.589,5,"Enil"
2025,"Sakajarvi","77",1,8.11,"Enil",1,"kolo",1.9,12.372,1.9,"Enil"
2025,"Sakajarvi","79",1,6.777,"Enil",1,"kolo",1.9,9.119,1.9,"Enil"
2025,"Sakajarvi","79",2,6.157,"Enil",1,"pinta",1.9,9.119,1.9,"Enil"
2025,"Sakajarvi","143",1,5.612,"Enil",2,"kolo",2,9.18,2,"Enil"
2025,"Sakajarvi","143",2,6.794,"Enil",1,"kolo",2,9.18,2,"Enil"
2025,"Sakajarvi","121",1,7.652,"Enil",1,"kolo",1.9,10.063,1.9,"Enil"
2025,"Sakajarvi","121",2,6.486,"Enil",1,"kolo",1.9,10.063,1.9,"Enil"
2025,"Sakajarvi","121",3,6.946,"Myotis",1,"kolo",1.9,10.063,1.9,"Myotis"
2025,"Sakajarvi","142",1,3.334,"Enil",1,"kolo",1.4,9.781,2,"Enil"
2025,"Sakajarvi","142",2,8.976,"Enil",1,"kolo",2,9.781,2,"Enil"
2025,"Sakajarvi","141",1,6.543,"Enil",1,"pinta",1.9,10.191,1.9,"Enil"
2025,"Sakajarvi","141",2,8.924,"Enil",1,"pinta",1.9,10.191,1.9,"Enil"
2025,"Sakajarvi","30",1,6.248,"Enil",1,"kolo",1.9,10.697,1.9,"Enil"
2025,"Sakajarvi","30",2,5.736,"Paur",1,"kolo",1.9,10.697,1.9,"Paur"
2025,"Sakajarvi","140",1,0.745,"Enil",1,"pinta",2,8.232,2,"Enil"
2025,"Sakajarvi","140",2,6.43,"Enil",1,"pinta",2,8.232,2,"Enil"
2025,"Sakajarvi","140",3,6.867,"Enil",1,"kolo",2,8.232,2,"Enil"
2025,"Sakajarvi","140",4,7.614,"Enil",1,"kolo",2,8.232,2,"Enil"
2025,"Sakajarvi","140",5,7.411,"Enil",1,"kolo",2,8.232,2,"Enil"
2025,"Sakajarvi","140",7,5.094,"Enil",1,"kolo",1.7,8.232,2,"Enil"
2025,"Sakajarvi","140",8,1.885,"Enil",1,"kolo",1.2,8.232,2,"Enil"
2025,"Sakajarvi","241",1,1.837,"Enil",1,"pinta",2,6.987,2,"Enil"
2025,"Sakajarvi","241",2,1.264,"Enil",1,"pinta",2,6.987,2,"Enil"
2025,"Sakajarvi","241",3,4.789,"Enil",1,"kolo",2,6.987,2,"Enil"
2025,"Sakajarvi","241",4,3.358,"Enil",1,"pinta",2,6.987,2,"Enil"
2025,"Sakajarvi","241",5,4.742,"Enil",1,"pinta",2,6.987,2,"Enil"
2025,"Sakajarvi","241",6,6.871,"Enil",1,"pinta",2,6.987,2,"Enil"
2025,"Sakajarvi","244",1,7.237,"Enil",1,"pinta",1.9,11.595,2.2,"Enil"
2025,"Sakajarvi","252",1,5.447,"Enil",1,"pinta",1.9,6.392,2,"Enil"
2025,"Sakajarvi","252",2,3.294,"Enil",1,"kolo",1.6,6.392,2,"Enil"
2025,"Sakajarvi","427",1,9.249,"Enil",1,"pinta",1.9,11.328,1.9,"Enil"
2025,"Sakajarvi","427",2,7.068,"Enil",1,"pinta",1.9,11.328,1.9,"Enil"
2025,"Sakajarvi","427",3,4.507,"Enil",1,"pinta",1.9,11.328,1.9,"Enil"
2025,"Sakajarvi","23",1,6.634,"Enil",2,"kolo",2,17.641,2,"Enil"
2025,"Sakajarvi","23",2,9.977,"Enil",2,"kolo",2,17.641,2,"Enil"
2025,"Sakajarvi","23",3,13.561,"Paur",1,"kolo",2,17.641,2,"Paur"
2025,"Sakajarvi","23",4,17.147,"Enil",3,"kolo",2,17.641,2,"Enil"
2025,"Sakajarvi","23",5,14.392,"Enil",1,"kolo",2,17.641,2,"Enil"
2025,"Sakajarvi","23",6,7.725,"Enil",2,"kolo",2,17.641,2,"Enil"
2023,"Etelapaa","43",1,3.146,"Enil",1,"pinta",2,8.085,2,"Enil"
2023,"Etelapaa","40",1,10.531,"Enil",1,"pinta",1.7,12.882,2.1,"Enil"
2023,"Etelapaa","40",2,4.746,"Enil",3,"pinta",4,12.882,5,"Enil"
2023,"Etelapaa","40",3,3.702,"Enil",1,"pinta",2,12.882,2.1,"Enil"
2023,"Etelapaa","167",1,18.734,"Enil",1,"kolo",3.6,21.122,3.6,"Enil"
2023,"Etelapaa","167",2,15.611,"Enil",1,"kolo",3.6,21.122,3.6,"Enil"
2023,"Etelapaa","167",3,13.431,"Myotis",2,"kolo",3.6,21.122,3.6,"Myotis"
2023,"Etelapaa","167",4,9.982,"Enil",1,"kolo",2,21.122,2.5,"Enil"
2023,"Etelapaa","167",5,6.885,"Myotis",1,"kolo",2.5,21.122,2.5,"Myotis"
2023,"Etelapaa","167",6,14.543,"Enil",2,"pinta",3.6,21.122,3.6,"Enil"
2023,"Etelapaa","170-171",1,8.986,"Enil",1,"pinta",2,9.967,2,"Enil"
2023,"Etelapaa","170-171",2,7.769,"Enil",1,"pinta",2,9.967,2,"Enil"
2023,"Etelapaa","28-172",1,10.281,"Enil",1,"pinta",2,11.529,2,"Enil"
2023,"Etelapaa","38",1,4.659,"Enil",1,"kolo",2.2,14.835,2.2,"Enil"
2023,"Etelapaa","38",2,5.696,"Enil",1,"pinta",2.2,14.835,2.2,"Enil"
2023,"Etelapaa","38",3,6.123,"Enil",1,"pinta",5,14.835,5,"Enil"
2023,"Etelapaa","38",4,6.621,"Enil",1,"pinta",2,14.835,2.2,"Enil"
2023,"Etelapaa","173",1,6.278,"Enil",1,"pinta",2,11.247,2,"Enil"
2023,"Etelapaa","173",2,6.817,"Enil",1,"pinta",2,11.247,2,"Enil"
2023,"Etelapaa","173",3,3.676,"Enil",1,"pinta",2,11.247,2,"Enil"
2023,"Etelapaa","173",4,3.774,"Enil",1,"pinta",2,11.247,2,"Enil"
2022,"Etelapaa","40",1,12.452,"Enil",1,"pinta",2,12.882,2.1,"Enil"
2022,"Etelapaa","40",2,4.718,"Enil",1,"pinta",2,12.882,2.1,"Enil"
2022,"Etelapaa","167",1,15.128,"Enil",1,"pinta",3.7,21.122,3.7,"Enil"
2022,"Etelapaa","167",2,15.125,"Enil",1,"pinta",3.6,21.122,3.6,"Enil"
2022,"Etelapaa","167",3,15.518,"Enil",1,"pinta",3.6,21.122,3.6,"Enil"
2022,"Etelapaa","167",4,9.533,"Mmbra",1,"kolo",2,21.122,2.5,"Myotis"
2022,"Etelapaa","173",1,10.249,"Enil",1,"pinta",1,11.247,2,"Enil"
2022,"Etelapaa","28-172",1,6.631,"Enil",1,NA,2,11.529,2,"Enil"
2022,"Etelapaa","28-172",2,5.72,"Enil",1,NA,2,11.529,2,"Enil"
2022,"Etelapaa","38",1,7.408,"Enil",1,"pinta",1.8,14.835,2.2,"Enil"
2022,"Etelapaa","38",2,6.675,"Enil",2,"kolo",2.2,14.835,2.2,"Enil"
2022,"Etelapaa","38",3,5.951,"Enil",1,"pinta",2.15,14.835,2.2,"Enil"
2022,"Etelapaa","38",4,6.149,"Enil",3,"kolo",2.2,14.835,4.3,"Enil"
2022,"Etelapaa","38",5,6.498,"Enil",1,"pinta",1,14.835,2.2,"Enil"
2023,"Harju","17",1,3.137,"Enil",1,"kolo",2.2,20.022,2.2,"Enil"
2023,"Harju","17",2,6.049,"Enil",1,"kolo",1.8,20.022,2.8,"Enil"
2023,"Harju","17",3,4.504,"Paur",1,"kolo",2.8,20.022,2.8,"Paur"
2023,"Harju","17",4,14.704,"Mmbra",1,"kolo",3.2,20.022,3.2,"Myotis"
2023,"Harju","17",5,5.737,"Myotis",1,"kolo",2.8,20.022,2.8,"Myotis"
2023,"Harju","82",1,2.018,"Enil",1,"pinta",1.3,10.897,1.9,"Enil"
2023,"Harju","82",2,3.208,"Enil",1,"pinta",1.8,10.897,1.9,"Enil"
2023,"Harju","82",3,4.787,"Enil",1,"pinta",1.5,10.897,1.9,"Enil"
2023,"Harju","83",1,3.767,"Enil",1,"pinta",2.1,8.101,2.1,"Enil"
2023,"Harju","83",2,5.776,"Enil",1,"pinta",2.1,8.101,2.1,"Enil"
2023,"Harju","83",3,2.441,"Enil",1,"pinta",2.1,8.101,2.1,"Enil"
2023,"Harju","83",4,7.093,"Enil",1,"pinta",2.1,8.101,2.1,"Enil"
2023,"Harju","160",1,13.245,"Mdau",1,"kolo",2,26.684,2.8,"Myotis"
2023,"Harju","160",2,12.11,"Mdau",1,"kolo",2.8,26.684,2.8,"Myotis"
2023,"Harju","160",3,14.117,"Mdau",1,"pinta",2.8,26.684,2.8,"Myotis"
2023,"Harju","160",4,14.862,"Mmbra",6,"pinta",2.8,26.684,2.8,"Myotis"
2023,"Harju","160",5,15.155,"Mdau",1,"pinta",2.8,26.684,2.8,"Myotis"
2023,"Harju","160",6,16.384,"Mmbra",1,"pinta",2.8,26.684,2.8,"Myotis"
2023,"Harju","160",7,18.245,"Enil",1,"pinta",2.8,26.684,2.8,"Enil"
2023,"Harju","160",8,18.129,"Mmbra",1,"pinta",2.8,26.684,2.8,"Myotis"
2023,"Harju","160",9,18.037,"Mmbra",4,"pinta",2.8,26.684,2.8,"Myotis"
2023,"Harju","160",10,18.978,"Mmbra",7,"pinta",3.3,26.684,3.3,"Myotis"
2023,"Harju","160",11,22.089,"Mmbra",3,"pinta",3.3,26.684,3.3,"Myotis"
2023,"Harju","160",12,23.307,"Mdau",1,"pinta",3.3,26.684,3.3,"Myotis"
2023,"Harju","160",13,23.174,"Mmbra",3,"pinta",3.3,26.684,3.3,"Myotis"
2023,"Harju","160",14,24.779,"Mmbra",1,"pinta",3.3,26.684,3.3,"Myotis"
2023,"Harju","160",15,25.038,"Mmbra",1,"pinta",3.3,26.684,3.3,"Myotis"
2023,"Harju","160",16,26.437,"Paur",1,"kolo",3.3,26.684,3.3,"Paur"
2023,"Harju","160",17,26.289,"Mmbra",1,"pinta",3.3,26.684,3.3,"Myotis"
2023,"Harju","160",18,12.242,"Mmbra",9,"kolo",2.8,26.684,2.8,"Myotis"
2023,"Harju","87",1,11.143,"Enil",1,"pinta",2,11.208,2,"Enil"
2023,"Harju","278",1,2.597,"Enil",1,"pinta",2,12.206,2,"Enil"
2023,"Harju","278",2,3.314,"Enil",2,"pinta",0.5,12.206,2,"Enil"
2023,"Harju","278",3,10.039,"Enil",1,"pinta",0.5,12.206,2,"Enil"
2022,"Harju","87",1,5.74,"Enil",1,NA,2,11.208,2,"Enil"
2022,"Harju","160",1,13.668,"Mmbra",1,"pinta",2.8,26.684,2.8,"Myotis"
2022,"Harju","160",2,14.129,"Mmbra",1,"pinta",2.8,26.684,2.8,"Myotis"
2022,"Harju","160",3,16.39,"Mmbra",1,"pinta",2.8,26.684,2.8,"Myotis"
2022,"Harju","160",4,16.88,"Mmbra",1,"pinta",2.8,26.684,2.8,"Myotis"
2022,"Harju","160",5,19.213,"Mmbra",5,"pinta",2.8,26.684,2.8,"Myotis"
2022,"Harju","160",6,19.586,"Mmbra",2,"kolo",3.3,26.684,3.3,"Myotis"
2022,"Harju","160",7,19.893,"Mmbra",2,"pinta",3.3,26.684,3.3,"Myotis"
2022,"Harju","160",8,22.578,"Mmbra",8,"pinta",3.3,26.684,3.3,"Myotis"
2022,"Harju","160",9,23.653,"Mdau",1,"pinta",3.3,26.684,3.3,"Myotis"
2022,"Harju","160",10,26.589,"Mmbra",3,"kolo",3.3,26.684,3.3,"Myotis"
2022,"Harju","160",11,26.37,"Mmbra",3,"kolo",3.3,26.684,3.3,"Myotis"
2022,"Harju","160",12,24.251,"Mmbra",11,"pinta",3.3,26.684,3.3,"Myotis"
2022,"Harju","160",13,19.216,"Myotis",1,"pinta",3.3,26.684,3.3,"Myotis"
2022,"Harju","160",14,21.211,"Mmbra",1,"pinta",3.3,26.684,3.3,"Myotis"
2022,"Harju","160",15,15.046,"Mmbra",1,"pinta",2.8,26.684,2.8,"Myotis"
2022,"Harju","160",16,12.884,"Enil",3,"kolo",2.8,26.684,2.8,"Enil"
2022,"Harju","82",1,10.228,"Enil",2,"pinta",1.9,10.897,1.9,"Enil"
2022,"Harju","82",2,3.556,"Enil",1,"pinta",1.9,10.897,1.9,"Enil"
2022,"Harju","83",1,6.987,"Enil",1,"pinta",2.1,8.101,2.1,"Enil"
2023,"Kylmala","384",1,3.893,"Enil",1,"pinta",1,10.657,2.2,"Enil"
2023,"Kylmala","384",2,3.266,"Enil",1,"pinta",2,10.657,2.2,"Enil"
2023,"Kylmala","384",3,1.588,"Enil",1,"pinta",1.3,10.657,2.2,"Enil"
2023,"Kylmala","312",1,3.318,"Enil",1,"pinta",2,10.597,2,"Enil"
2023,"Kylmala","312",2,7.813,"Enil",1,"pinta",2,10.597,2,"Enil"
2023,"Kylmala","312",3,10.147,"Mmbra",1,"pinta",2,10.597,2,"Myotis"
2023,"Kylmala","304",1,5.726,"Enil",1,"pinta",1.8,9.654,2,"Enil"
2023,"Kylmala","304",2,7.193,"Enil",1,"pinta",2,9.654,2,"Enil"
2023,"Kylmala","306",1,7.344,"Enil",1,"kolo",2,8.832,2,"Enil"
2023,"Kylmala","306",2,8.438,"Enil",1,"kolo",2,8.832,2,"Enil"
2023,"Kylmala","352",1,3.55,"Enil",1,"kolo",0.8,7.816,2,"Enil"
2023,"Kylmala","352",2,5.005,"Enil",1,"pinta",2,7.816,2,"Enil"
2023,"Kylmala","314",1,6.042,"Enil",1,"pinta",1.8,12.959,2,"Enil"
2023,"Kylmala","314",2,6.578,"Enil",2,"pinta",2,12.959,2,"Enil"
2023,"Kylmala","316",1,1.959,"Enil",2,"pinta",2,11.308,2,"Enil"
2023,"Kylmala","316",2,2.067,"Enil",1,"pinta",2,11.308,2,"Enil"
2023,"Kylmala","316",3,7.287,"Enil",1,"pinta",2,11.308,2,"Enil"
2023,"Kylmala","316",4,9.363,"Enil",1,"kolo",1.8,11.308,2,"Enil"
2023,"Kylmala","308",1,7.843,"Enil",1,"pinta",0.7,10.944,2.1,"Enil"
2023,"Kylmala","308",2,9.861,"Enil",1,"pinta",2,10.944,2.1,"Enil"
2023,"Kylmala","308",3,5.648,"Enil",1,"pinta",2,10.944,2.1,"Enil"
2023,"Kylmala","309",1,5.447,"Enil",1,"pinta",2,8.916,2,"Enil"
2023,"Kylmala","309",2,6.357,"Enil",1,"kolo",2,8.916,2,"Enil"
2022,"Kylmala","316",1,2.418,"Paur",1,NA,2,11.308,2,"Paur"
2022,"Kylmala","316",2,4.598,"Mmbra",1,NA,2,11.308,2,"Myotis"
2022,"Kylmala","316",3,9.316,"Paur",1,NA,2,11.308,2,"Paur"
2022,"Kylmala","316",4,8.584,"Enil",1,NA,2,11.308,2,"Enil"
2022,"Kylmala","316",5,5.95,"Enil",1,NA,2,11.308,2,"Enil"
2022,"Kylmala","316",6,6.472,"Paur",1,NA,2,11.308,2,"Paur"
2022,"Kylmala","314",1,7,"Enil",1,"pinta",2,12.959,2,"Enil"
2022,"Kylmala","314",2,11.779,"Enil",2,"pinta",2,12.959,2,"Enil"
2022,"Kylmala","384",1,1.334,"Enil",1,NA,2.2,10.657,2.2,"Enil"
2022,"Kylmala","384",2,3.71,"Enil",1,NA,2.2,10.657,2.2,"Enil"
2022,"Kylmala","384",3,6.244,"Enil",3,NA,NA,10.657,2.2,"Enil"
2022,"Kylmala","384",4,6.45,"Paur",1,"pinta",2,10.657,2.2,"Paur"
2022,"Kylmala","308",1,3.39,"Enil",1,"pinta",2,10.944,2.1,"Enil"
2022,"Kylmala","308",2,10.065,"Enil",1,"pinta",2,10.944,2.1,"Enil"
2022,"Kylmala","308",3,8.933,"Mmbra",1,"kolo",2,10.944,2.1,"Myotis"
2022,"Kylmala","309",1,6.386,"Enil",1,"pinta",2,8.916,2,"Enil"
2022,"Kylmala","306",1,1.924,"Enil",1,NA,2,8.832,2,"Enil"
2022,"Kylmala","306",2,8.106,"Enil",1,NA,2,8.832,2,"Enil"
2022,"Kylmala","306",3,7.48,"Enil",1,NA,2,8.832,2,"Enil"
2023,"Paskomaki","144",1,0.422,"Enil",1,"pinta",2,16.74,2,"Enil"
2023,"Paskomaki","144",2,4.683,"Enil",1,"pinta",2,16.74,2,"Enil"
2023,"Paskomaki","144",3,5.387,"Myotis",1,"kolo",2.5,16.74,2.5,"Myotis"
2023,"Paskomaki","144",4,5.549,"Myotis",2,"kolo",2.5,16.74,2.5,"Myotis"
2023,"Paskomaki","144",5,8.053,"Mdau",1,"pinta",2,16.74,3.2,"Myotis"
2023,"Paskomaki","144",6,15.823,"Mdau",2,"kolo",2.5,16.74,3.2,"Myotis"
2023,"Paskomaki","144",7,15.898,"Mdau",2,"kolo",3.2,16.74,3.2,"Myotis"
2023,"Paskomaki","144",8,15.342,"Mdau",1,"kolo",3.2,16.74,3.2,"Myotis"
2023,"Paskomaki","144",9,15.935,"Mmbra",2,"kolo",3.2,16.74,3.2,"Myotis"
2023,"Paskomaki","144",10,14.914,"Mmbra",1,"kolo",3.2,16.74,3.2,"Myotis"
2023,"Paskomaki","144",11,15.409,"Mdau",2,"kolo",3.2,16.74,3.2,"Myotis"
2023,"Paskomaki","144",12,16.453,"Mdau",1,"kolo",2,16.74,3.2,"Myotis"
2023,"Paskomaki","144",13,15.454,"Mmbra",1,"kolo",2,16.74,3.2,"Myotis"
2023,"Paskomaki","144",14,13.873,"Mdau",2,"pinta",2.5,16.74,3.2,"Myotis"
2023,"Paskomaki","144",15,12.437,"Mmbra",1,"kolo",1,16.74,3.2,"Myotis"
2023,"Paskomaki","144",16,12.746,"Paur",1,"pinta",0.6,16.74,3.2,"Paur"
2023,"Paskomaki","144",17,9.401,"Enil",1,"kolo",3,16.74,3.2,"Enil"
2023,"Paskomaki","144",17,9.401,"Mdau",1,"kolo",3,16.74,3.2,"Myotis"
2023,"Paskomaki","144",18,11.139,"Mdau",9,"pinta",2,16.74,3.2,"Myotis"
2023,"Paskomaki","144",19,8.411,"Enil",1,"pinta",1.8,16.74,3.2,"Enil"
2023,"Paskomaki","144",20,8.48,"Mdau",1,"kolo",3,16.74,3.2,"Myotis"
2023,"Paskomaki","93",1,5.075,"Enil",1,"kolo",2,11.947,2,"Enil"
2023,"Paskomaki","92",1,2.651,"Enil",1,"pinta",2,12.438,2,"Enil"
2023,"Paskomaki","92",2,3.122,"Enil",1,"pinta",2,12.438,2,"Enil"
2023,"Paskomaki","92",3,4.343,"Enil",1,"pinta",1.5,12.438,2,"Enil"
2023,"Paskomaki","92",4,3.53,"Enil",1,"pinta",1.8,12.438,2,"Enil"
2023,"Paskomaki","158",1,2.822,"Enil",1,"pinta",2,8.592,1.9,"Enil"
2023,"Paskomaki","158",2,3.038,"Enil",1,"pinta",2,8.592,1.9,"Enil"
2023,"Paskomaki","99/335",1,8.985,"Enil",1,"kolo",2.2,13.254,2.2,"Enil"
2023,"Paskomaki","104",1,7.468,"Enil",1,"kolo",1.9,9.808,1.9,"Enil"
2023,"Paskomaki","104",2,9.304,"Mmbra",1,"pinta",1.9,9.808,1.9,"Myotis"
2022,"Paskomaki","104",1,5.579,"Enil",1,"pinta",1.9,9.808,1.9,"Enil"
2022,"Paskomaki","158",1,5.86,"Enil",1,"pinta",1.5,8.592,1.9,"Enil"
2022,"Paskomaki","158",2,3.018,"Enil",1,"pinta",1,8.592,1.9,"Enil"
2022,"Paskomaki","94",1,6.354,"Enil",1,NA,NA,11.677,1.9,"Enil"
2022,"Paskomaki","102",1,5.148,"Enil",1,"pinta",2,11.891,2,"Enil"
2022,"Paskomaki","93",1,5.122,"Enil",1,NA,NA,11.947,2,"Enil"
2022,"Paskomaki","93",2,6.704,"Enil",1,NA,NA,11.947,2,"Enil"
2022,"Paskomaki","106",1,6.867,"Enil",1,"kolo",1.9,11.693,1.9,"Enil"
2022,"Paskomaki","92",1,3.25,"Enil",1,"pinta",2,12.438,2,"Enil"
2022,"Paskomaki","92",2,2.962,"Enil",1,"pinta",2,12.438,2,"Enil"
2022,"Paskomaki","144",1,4.314,"Enil",1,"pinta",2,16.74,2,"Enil"
2022,"Paskomaki","144",2,8.682,"Mmbra",1,"pinta",3.2,16.74,3.2,"Myotis"
2022,"Paskomaki","144",3,13.918,"Mmbra",1,"pinta",3.2,16.74,3.2,"Myotis"
2022,"Paskomaki","144",4,13.967,"Mmbra",2,"pinta",3.2,16.74,3.2,"Myotis"
2022,"Paskomaki","144",5,13.941,"Mmbra",1,"pinta",3.2,16.74,3.2,"Myotis"
2022,"Paskomaki","144",6,13.21,"Mmbra",2,"kolo",3.2,16.74,3.2,"Myotis"
2022,"Paskomaki","144",7,13.448,"Mmbra",2,"kolo",3.2,16.74,3.2,"Myotis"
2022,"Paskomaki","144",8,13.82,"Mmbra",3,"pinta",3.2,16.74,3.2,"Myotis"
2022,"Paskomaki","144",9,14.085,"Mmbra",2,"pinta",3.2,16.74,3.2,"Myotis"
2022,"Paskomaki","144",10,14.867,"Mmbra",2,"pinta",3.2,16.74,3.2,"Myotis"
2022,"Paskomaki","144",11,14.366,"Mdau",1,"pinta",3.2,16.74,3.2,"Myotis"
2022,"Paskomaki","144",12,16.472,"Mmbra",2,"pinta",3.2,16.74,3.2,"Myotis"
2022,"Paskomaki","144",13,14.055,"Mdau",2,"pinta",3.2,16.74,3.2,"Myotis"
2022,"Paskomaki","144",14,10.161,"Myotis",2,"pinta",3.2,16.74,3.2,"Myotis"
2022,"Paskomaki","144",15,8.762,"Enil",1,"pinta",0.8,16.74,3.2,"Enil"
2022,"Paskomaki","144",16,8.549,"Enil",1,"pinta",0.5,16.74,3.2,"Enil"
2022,"Paskomaki","144",17,7.137,"Mdau",1,"pinta",2.5,16.74,2.5,"Myotis"
2022,"Paskomaki","144",18,5.139,"Paur",1,"kolo",2.5,16.74,2.5,"Paur"
2022,"Pohjoispaa","420",1,10.479,"Enil",1,"pinta",1.8,12.467,2,"Enil"
2022,"Pohjoispaa","420",2,6.489,"Enil",1,"pinta",1.8,12.467,2,"Enil"
2022,"Pohjoispaa","420",3,6.255,"Enil",1,"pinta",1.8,12.467,2,"Enil"
2022,"Pohjoispaa","420",4,5.307,"Enil",1,"pinta",1.8,12.467,2,"Enil"
2022,"Pohjoispaa","420",5,3.254,"Enil",1,"pinta",1.8,12.467,2,"Enil"
2023,"Ravijoki","2",1,5.243,"Enil",2,"pinta",2,16.608,2.3,"Enil"
2023,"Ravijoki","2",2,11.012,"Mmbra",1,"kolo",2.5,16.608,3,"Myotis"
2023,"Ravijoki","2",3,10.842,"Enil",1,"pinta",1.5,16.608,3,"Enil"
2023,"Ravijoki","11",1,0.279,"Mmbra",1,"kolo",2.5,21.93,2.5,"Myotis"
2023,"Ravijoki","11",2,1.645,"Mmbra",1,"kolo",2.5,21.93,2.5,"Myotis"
2023,"Ravijoki","11",3,9.092,"Mdau",1,"kolo",1.7,21.93,2.1,"Myotis"
2023,"Ravijoki","11",4,3.982,"Mdau",1,"kolo",3,21.93,6,"Myotis"
2023,"Ravijoki","11",5,3.599,"Enil",2,"pinta",6,21.93,6,"Enil"
2023,"Ravijoki","11",7,17.189,"Mmbra",14,"kolo",3.1,21.93,3.1,"Myotis"
2023,"Ravijoki","11",8,18.265,"Mdau",1,"kolo",3.1,21.93,3.1,"Myotis"
2023,"Ravijoki","11",9,18.218,"Mmbra",1,"pinta",3.1,21.93,3.1,"Myotis"
2023,"Ravijoki","11",10,21.034,"Mdau",3,"kolo",3.1,21.93,3.1,"Myotis"
2023,"Ravijoki","1-180",1,22.504,"Mmbra",2,"kolo",3.1,24.446,3.1,"Myotis"
2023,"Ravijoki","1-180",2,15.672,"Mmbra",1,"kolo",2,24.446,3.1,"Myotis"
2023,"Ravijoki","1-180",3,13.94,"Mmbra",2,"kolo",0.5,24.446,2,"Myotis"
2023,"Ravijoki","1-180",4,11.279,"Enil",1,"pinta",3,24.446,3,"Enil"
2023,"Ravijoki","1-180",5,14.938,"Paur",1,"kolo",1.5,24.446,3.1,"Paur"
2023,"Ravijoki","1-180",6,15.755,"Mmbra",1,"kolo",3,24.446,3.1,"Myotis"
2023,"Ravijoki","7",1,12.892,"Paur",1,"kolo",1.3,25.985,2.3,"Paur"
2023,"Ravijoki","7",2,15.732,"Enil",1,"pinta",2,25.985,2.3,"Enil"
2023,"Ravijoki","7",3,18.208,"Mmbra",1,"kolo",1.3,25.985,2.3,"Myotis"
2023,"Ravijoki","7",4,18.591,"Enil",1,"pinta",1.3,25.985,2.3,"Enil"
2023,"Ravijoki","7",5,17.261,"Myotis",1,"kolo",1.3,25.985,2.3,"Myotis"
2023,"Ravijoki","7",6,17.523,"Mmbra",2,"kolo",1.3,25.985,2.3,"Myotis"
2023,"Ravijoki","7",7,16.198,"Mmbra",3,"kolo",1.3,25.985,2.3,"Myotis"
2023,"Ravijoki","7",8,15.872,"Mmbra",1,"kolo",2.3,25.985,2.3,"Myotis"
2023,"Ravijoki","7",9,13.063,"Enil",1,"pinta",1.2,25.985,2.3,"Enil"
2023,"Ravijoki","7",10,6.331,"Enil",1,"pinta",2.3,25.985,2.3,"Enil"
2023,"Ravijoki","7",11,2.834,"Enil",1,"pinta",2,25.985,2,"Enil"
2023,"Ravijoki","7",12,3.495,"Mmbra",1,"kolo",2,25.985,2,"Myotis"
2023,"Ravijoki","7",13,6.479,"Enil",1,"pinta",2.3,25.985,2.3,"Enil"
2023,"Ravijoki","7",14,7.267,"Paur",1,"pinta",1.5,25.985,2.3,"Paur"
2023,"Ravijoki","7",15,10.147,"Paur",1,"kolo",2,25.985,2,"Paur"
2023,"Ravijoki","7",16,18.532,"Mdau",1,"pinta",2,25.985,3.2,"Myotis"
2023,"Ravijoki","7",17,20.909,"Enil",1,"pinta",3.2,25.985,3.2,"Enil"
2023,"Ravijoki","7",18,20.16,"Mmbra",5,"kolo",3.2,25.985,3.2,"Myotis"
2023,"Ravijoki","7",20,23.685,"Mdau",2,"pinta",3.2,25.985,3.2,"Myotis"
2023,"Ravijoki","7",21,24.197,"Mmbra",19,"pinta",3.2,25.985,3.2,"Myotis"
2023,"Ravijoki","7",22,25.502,"Mdau",1,"pinta",3.2,25.985,3.2,"Myotis"
2023,"Ravijoki","7",23,25.421,"Mmbra",1,"pinta",3.2,25.985,3.2,"Myotis"
2023,"Ravijoki","7",24,15.75,"Mmbra",1,"kolo",2,25.985,2.3,"Myotis"
2023,"Ravijoki","7",25,8.713,"Paur",1,"kolo",5,25.985,5,"Paur"
2023,"Ravijoki","7",26,8.988,"Mmbra",2,"kolo",5,25.985,5,"Myotis"
2023,"Ravijoki","7",27,8.668,"Mmbra",1,"kolo",5,25.985,5,"Myotis"
2023,"Ravijoki","7",28,8.995,"Mmbra",2,"kolo",5,25.985,5,"Myotis"
2023,"Ravijoki","7",29,8.585,"Mmbra",1,"kolo",5,25.985,5,"Myotis"
2023,"Ravijoki","7",30,9.057,"Mmbra",2,"kolo",5,25.985,5,"Myotis"
2022,"Ravijoki","2",1,14.82,"Mmbra",1,"kolo",3,16.608,3,"Myotis"
2022,"Ravijoki","2",2,5.435,"Paur",1,"kolo",2,16.608,2.3,"Paur"
2022,"Ravijoki","2",3,9.928,"Enil",1,"pinta",2,16.608,3,"Enil"
2022,"Ravijoki","11",1,14.714,"Mmbra",3,"kolo",3.1,21.93,3.1,"Myotis"
2022,"Ravijoki","11",2,21.034,"Mmbra",2,"kolo",3.1,21.93,3.1,"Myotis"
2022,"Ravijoki","11",3,20.736,"Mmbra",1,"kolo",2,21.93,3.1,"Myotis"
2022,"Ravijoki","11",4,14.811,"Mmbra",16,"kolo",3.1,21.93,3.1,"Myotis"
2022,"Ravijoki","11",5,13.332,"Mmbra",1,"kolo",2,21.93,2.6,"Myotis"
2022,"Ravijoki","11",6,2.149,"Mmbra",1,"kolo",1,21.93,2,"Myotis"
2022,"Ravijoki","11",7,2.191,"Mmbra",1,"kolo",2,21.93,2,"Myotis"
2022,"Ravijoki","11",8,3.712,"Mmbra",1,"kolo",5,21.93,6,"Myotis"
2022,"Ravijoki","1-180",1,13.017,"Enil",1,"pinta",1.2,24.446,2,"Enil"
2022,"Ravijoki","1-180",2,17.54,"Enil",1,"kolo",3.1,24.446,3.1,"Enil"
2022,"Ravijoki","1-180",3,12.283,"Paur",1,"pinta",NA,24.446,3,"Paur"
2022,"Ravijoki","1-180",4,12.277,"Enil",1,"pinta",NA,24.446,3,"Enil"
2022,"Ravijoki","1-180",5,12.824,"Enil",1,"pinta",2,24.446,2,"Enil"
2022,"Ravijoki","1-180",6,22.279,"Enil",1,"kolo",NA,24.446,3.1,"Enil"
2022,"Ravijoki","7",1,8.271,"Mmbra",7,"kolo",5,25.985,5,"Myotis"
2022,"Ravijoki","7",2,8.304,"Mmbra",3,"kolo",5,25.985,5,"Myotis"
2022,"Ravijoki","7",3,7.743,"Mmbra",1,"kolo",5,25.985,5,"Myotis"
2022,"Ravijoki","7",4,8.716,"Mmbra",1,"kolo",2,25.985,5,"Myotis"
2022,"Ravijoki","7",5,9.043,"Mmbra",3,"kolo",5,25.985,5,"Myotis"
2022,"Ravijoki","7",6,13.199,"Mmbra",2,"kolo",2.3,25.985,2.3,"Myotis"
2022,"Ravijoki","7",7,16.837,"Mmbra",1,"kolo",1.5,25.985,2.3,"Myotis"
2022,"Ravijoki","7",8,18.455,"Mmbra",2,"kolo",1.5,25.985,2.3,"Myotis"
2022,"Ravijoki","7",9,16.769,"Paur",1,"kolo",1,25.985,2.3,"Paur"
2022,"Ravijoki","7",10,16.447,"Mmbra",1,"kolo",1.5,25.985,2,"Myotis"
2022,"Ravijoki","7",11,16.788,"Mmbra",1,"kolo",2,25.985,2,"Myotis"
2022,"Ravijoki","7",12,20.106,"Mmbra",2,"kolo",2,25.985,3.2,"Myotis"
2022,"Ravijoki","7",13,20.663,"Mmbra",2,"kolo",2,25.985,3.2,"Myotis"
2022,"Ravijoki","7",14,16.134,"Mmbra",4,"kolo",2,25.985,3.2,"Myotis"
2022,"Ravijoki","7",15,22.127,"Mmbra",3,"pinta",3,25.985,3.2,"Myotis"
2022,"Ravijoki","7",16,21.299,"Mmbra",2,"kolo",2,25.985,3.2,"Myotis"
2022,"Ravijoki","7",17,22.082,"Mmbra",1,"kolo",1.5,25.985,3.2,"Myotis"
2022,"Ravijoki","7",18,25.09,"Mmbra",9,"pinta",3,25.985,3.2,"Myotis"
2022,"Ravijoki","7",19,24.734,"Mmbra",8,"pinta",3.2,25.985,3.2,"Myotis"
2022,"Ravijoki","7",20,25.632,"Mmbra",7,"pinta",3.2,25.985,3.2,"Myotis"
2022,"Ravijoki","7",21,25.366,"Enil",1,"pinta",1,25.985,3.2,"Enil"
2022,"Ravijoki","7",22,25.476,"Paur",1,"kolo",2,25.985,3.2,"Paur"
2022,"Ravijoki","7",23,25.746,"Mmbra",3,"kolo",2,25.985,3.2,"Myotis"
2022,"Ravijoki","7",24,25.618,"Mdau",1,"pinta",3,25.985,3.2,"Myotis"
2022,"Ravijoki","7",25,15.413,"Enil",1,"kolo",1.5,25.985,2.3,"Enil"
2022,"Ravijoki","7",26,5.584,"Mmbra",1,"kolo",2,25.985,2.3,"Myotis"
2022,"Ravijoki","7",27,5.348,"Mmbra",2,"kolo",2,25.985,2.3,"Myotis"
2022,"Ravijoki","7",28,5.883,"Enil",1,"pinta",2.5,25.985,2.3,"Enil"
2022,"Ravijoki","7",29,2.472,"Enil",1,"pinta",2.3,25.985,2.3,"Enil"
2022,"Ravijoki","7",30,3.791,"Enil",1,"pinta",1.5,25.985,2,"Enil"
2023,"Saarasjarvi","70",1,8.173,"Enil",1,"kolo",2.1,11.786,2.1,"Enil"
2023,"Saarasjarvi","152",1,10.609,"Enil",1,"kolo",2,12.904,2,"Enil"
2023,"Saarasjarvi","72",1,7.971,"Enil",1,"pinta",2,10.996,2,"Enil"
2023,"Saarasjarvi","72",2,8.271,"Enil",1,"kolo",2,10.996,2,"Enil"
2023,"Saarasjarvi","72",3,9.907,"Enil",1,"pinta",1.7,10.996,2,"Enil"
2023,"Saarasjarvi","72",4,10.839,"Enil",1,"pinta",2,10.996,2,"Enil"
2023,"Saarasjarvi","72",5,4.488,"Enil",1,"pinta",2,10.996,2,"Enil"
2023,"Saarasjarvi","73",1,3.471,"Enil",1,"pinta",1.7,21.589,2,"Enil"
2023,"Saarasjarvi","73",2,2.741,"Enil",1,"kolo",2,21.589,5,"Enil"
2022,"Saarasjarvi","70",1,7.085,"Enil",1,"kolo",2.1,11.786,2.1,"Enil"
2022,"Saarasjarvi","73",1,12,"Enil",1,"kolo",2,21.589,2,"Enil"
2022,"Saarasjarvi","155",1,5.845,"Enil",1,"kolo",1,9.069,2,"Enil"
2022,"Saarasjarvi","155",2,7.286,"Enil",1,"kolo",-1,9.069,2,"Enil"
2023,"Sakajarvi","427",1,10.364,"Enil",1,"pinta",1.9,11.328,1.9,"Enil"
2023,"Sakajarvi","252",1,3.017,"Enil",1,"kolo",1.5,6.392,2,"Enil"
2023,"Sakajarvi","252",2,5.332,"Enil",1,"pinta",1.5,6.392,2,"Enil"
2023,"Sakajarvi","252",3,1.861,"Enil",1,"kolo",1.5,6.392,2,"Enil"
2023,"Sakajarvi","272",1,10.181,"Enil",1,"pinta",2,11.066,2,"Enil"
2023,"Sakajarvi","241",1,1.855,"Enil",1,"pinta",2.5,6.987,5,"Enil"
2023,"Sakajarvi","241",2,6.17,"Enil",1,"pinta",2,6.987,2,"Enil"
2023,"Sakajarvi","241",3,4.692,"Enil",1,"pinta",1,6.987,2,"Enil"
2022,"Sakajarvi","427",1,3.477,"Enil",1,"pinta",1.9,11.328,1.9,"Enil"
2022,"Sakajarvi","427",2,7.535,"Enil",1,"pinta",1.9,11.328,1.9,"Enil"
2022,"Sakajarvi","427",3,10.389,"Enil",1,"pinta",1.9,11.328,1.9,"Enil"
2022,"Sakajarvi","252",1,5.032,"Enil",1,"kolo",2,6.392,2,"Enil"
2022,"Sakajarvi","252",2,5.598,"Enil",1,"kolo",2,6.392,2,"Enil"
2022,"Sakajarvi","241",1,3.793,"Enil",1,"pinta",2,6.987,2,"Enil"
2022,"Sakajarvi","241",2,4.315,"Enil",1,"pinta",2,6.987,2,"Enil"
2022,"Sakajarvi","241",3,5.488,"Enil",1,"pinta",2,6.987,2,"Enil"
2022,"Sakajarvi","241",4,6.218,"Enil",1,"pinta",2,6.987,2,"Enil"
2023,"Sakajarvi_S","77",1,1.156,"Enil",2,"pinta",1.9,12.372,1.9,"Enil"
2023,"Sakajarvi_S","77",2,8.838,"Enil",1,"pinta",1.9,12.372,1.9,"Enil"
2023,"Sakajarvi_S","77",3,9.876,"Enil",1,"pinta",1.9,12.372,1.9,"Enil"
2023,"Sakajarvi_S","79",1,7.856,"Enil",1,"pinta",1.7,9.119,1.9,"Enil"
2023,"Sakajarvi_S","79",2,8.059,"Enil",1,"kolo",1.9,9.119,1.9,"Enil"
